Workbook

Sheet TRAI_Internet_Penetration_State
A1: State | B1: Internet_Subscribers_Rural_Million | C1: Internet_Subscribers_Urban_Million | D1: Internet_Subscribers_Total_Million | E1: Internet_Per100_Rural | F1: Internet_Per100_Urban | G1: Internet_Per100_Total
A2: Andhra Pradesh | B2: 18.51 | C2: 18.75 | D2: 37.26 | E2: 55.62 | F2: 92.32 | G2: 69.53
A3: Arunachal Pradesh | B3: 0.59 | C3: 0.4 | D3: 0.99 | E3: 50.23 | F3: 96.24 | G3: 62.27
A4: Assam | B4: 13.99 | C4: 7.05 | D4: 21.05 | E4: 45.56 | F4: 121.98 | G4: 57.67
A5: Bihar | B5: 39.5 | C5: 17.57 | D5: 57.07 | E5: 34.43 | F5: 107.61 | G5: 43.55
A6: Chhattisgarh | B6: 9.21 | C6: 9.99 | D6: 19.2 | E6: 41.22 | F6: 115.69 | G6: 61.97
A7: Goa | B7: 0.67 | C7: 1.83 | D7: 2.5 | E7: 193.5 | F7: 146.6 | G7: 156.81
A8: Gujarat | B8: 20.62 | C8: 37.35 | D8: 57.97 | E8: 55.96 | F8: 101.86 | G8: 78.85
A9: Haryana | B9: 10.27 | C9: 20.47 | D9: 30.74 | E9: 58.49 | F9: 151.69 | G9: 98.99
A10: Himachal Pradesh | B10: 4.16 | C10: 2.68 | D10: 6.84 | E10: 61.44 | F10: 341.91 | G10: 90.51
A11: Jharkhand | B11: 11.53 | C11: 8.97 | D11: 20.5 | E11: 38.65 | F11: 83.05 | G11: 50.45
A12: Karnataka | B12: 21.87 | C12: 40.55 | D12: 62.42 | E12: 58.45 | F12: 129.67 | G12: 90.88
A13: Kerala | B13: 17.48 | C13: 19.5 | D13: 36.98 | E13: 242.92 | F13: 67.43 | G13: 102.4
... A29: West Bengal | B29: 26.91 | C29: 39.09 | D29: 66 | E29: 43.16 | F29: 103.28 | G29: 65.87
A30: Delhi | B30: 0.33 | C30: 36.3 | D30: 36.63 | G30: 164.42
A31: Jammu and Kashmir | B31: 4.95 | C31: 5.49 | D31: 10.44 | E31: 51.97 | F31: 127.47 | G31: 75.48

Sheet UPI_Data
A1: State | B1: UPI_PerCapita_Volume_Txns | C1: UPI_PerCapita_Value_Lakh_INR | D1: Adoption_Tier
A2: Telangana | B2: 274 | C2: 4.34 | D2: High
A3: Delhi | B3: 241 | C3: 2.99 | D3: High
A4: Goa | B4: 229 | C4: 3.23 | D4: High
A5: Karnataka | B5: 203 | C5: 2.79 | D5: High
A6: Chandigarh | C6: 3.24 | D6: High
A7: Maharashtra | B7: 185 | D7: High
A8: Uttar Pradesh | B8: 50 | D8: Low
A9: Bihar | B9: 44 | C9: 0.65 | D9: Low
A10: Manipur | B10: 35 | D10: Low
A11: Tripura | B11: 33 | C11: 0.5 | D11: Low
A12: All India | C12: 1.36 | D12: National Average

Sheet Merged_data
A1: State | B1: Internet_per100_total | C1: UPI_PerCapita_Volume | D1: UPI_PerCapita_Value | E1: Adoption_Tier | F1: Urban_percent2011
A2: Telangana | B2: =VLOOKUP(A2, TRAI_Internet_Penetration_State!A:G, 7, FALSE) -> 95.74 | C2: =VLOOKUP(A2, UPI_Data!A:B, 2, FALSE) -> 274 | D2: =VLOOKUP(A2,UPI_Data!A:C, 3, FALSE) -> 4.34 | E2: =VLOOKUP(A2, UPI_Data!A:D, 4, FALSE) -> High | F2: 38.88
A3: Delhi | B3: =VLOOKUP(A3, TRAI_Internet_Penetration_State!A:G, 7, FALSE) -> 164.42 | C3: =VLOOKUP(A3, UPI_Data!A:B, 2, FALSE) -> 241 | D3: =VLOOKUP(A3,UPI_Data!A:C, 3, FALSE) -> 2.99 | E3: =VLOOKUP(A3, UPI_Data!A:D, 4, FALSE) -> High | F3: 97.5
A4: Goa | B4: =VLOOKUP(A4, TRAI_Internet_Penetration_State!A:G, 7, FALSE) -> 156.81 | C4: =VLOOKUP(A4, UPI_Data!A:B, 2, FALSE) -> 229 | D4: =VLOOKUP(A4,UPI_Data!A:C, 3, FALSE) -> 3.23 | E4: =VLOOKUP(A4, UPI_Data!A:D, 4, FALSE) -> High | F4: 62.17
A5: Karnataka | B5: =VLOOKUP(A5, TRAI_Internet_Penetration_State!A:G, 7, FALSE) -> 90.88 | C5: =VLOOKUP(A5, UPI_Data!A:B, 2, FALSE) -> 203 | D5: =VLOOKUP(A5,UPI_Data!A:C, 3, FALSE) -> 2.79 | E5: =VLOOKUP(A5, UPI_Data!A:D, 4, FALSE) -> High | F5: 38.67
A6: Maharashtra | B6: =VLOOKUP(A6, TRAI_Internet_Penetration_State!A:G, 7, FALSE) -> 87.14 | C6: =VLOOKUP(A6, UPI_Data!A:B, 2, FALSE) -> 185 | D6: =VLOOKUP(A6,UPI_Data!A:C, 3, FALSE) -> 0 | E6: =VLOOKUP(A6, UPI_Data!A:D, 4, FALSE) -> High | F6: 45.23
A7: Uttar Pradesh | B7: =VLOOKUP(A7, TRAI_Internet_Penetration_State!A:G, 7, FALSE) -> 56.49 | C7: =VLOOKUP(A7, UPI_Data!A:B, 2, FALSE) -> 50 | D7: =VLOOKUP(A7,UPI_Data!A:C, 3, FALSE) -> 0 | E7: =VLOOKUP(A7, UPI_Data!A:D, 4, FALSE) -> Low | F7: 22.28
A8: Bihar | B8: =VLOOKUP(A8, TRAI_Internet_Penetration_State!A:G, 7, FALSE) -> 43.55 | C8: =VLOOKUP(A8, UPI_Data!A:B, 2, FALSE) -> 44 | D8: =VLOOKUP(A8,UPI_Data!A:C, 3, FALSE) -> 0.65 | E8: =VLOOKUP(A8, UPI_Data!A:D, 4, FALSE) -> Low | F8: 11.3
A9: Manipur | B9: =VLOOKUP(A9, TRAI_Internet_Penetration_State!A:G, 7, FALSE) -> 72.2 | C9: =VLOOKUP(A9, UPI_Data!A:B, 2, FALSE) -> 35 | D9: =VLOOKUP(A9,UPI_Data!A:C, 3, FALSE) -> 0 | E9: =VLOOKUP(A9, UPI_Data!A:D, 4, FALSE) -> Low | F9: 29.21
A10: Tripura | B10: =VLOOKUP(A10, TRAI_Internet_Penetration_State!A:G, 7, FALSE) -> 56.52 | C10: =VLOOKUP(A10, UPI_Data!A:B, 2, FALSE) -> 33 | D10: =VLOOKUP(A10,UPI_Data!A:C, 3, FALSE) -> 0.5 | E10: =VLOOKUP(A10, UPI_Data!A:D, 4, FALSE) -> Low | F10: 26.18
